Model,Accuracy
Decision Tree,0.9983333333333333
Random Forest,0.9966666666666667
Gradient Boosting,0.9966666666666667
Neural Network,0.9966666666666667
Logistic Regression,0.9933333333333333
